overlay_strength,windows,win_rate,exp_decay_percentile,score,mean_excess,median_excess,mean_ratio,median_ratio
5.0,115,72.17391304347827,39.11271844225584,55.64331574286705,1.3799288536669485,1.3785313382468516,1.038837924150158,1.0287981756078473
3.0,115,70.43478260869566,39.77535463907351,55.105068623884584,1.5095080130966874,1.2683517931802584,1.042830889504336,1.024959187519506
0.0,115,69.56521739130434,40.994620378675585,55.27991888498997,1.683460818790377,1.091626626854051,1.0478470650935159,1.021481511539176
0.25,115,69.56521739130434,40.885240492737736,55.22522894202104,1.669516313603319,1.1053798512930229,1.0474599472541193,1.0217521535721008
0.5,115,69.56521739130434,40.77702889282133,55.17112314206284,1.655448402832156,1.1194150389492563,1.047066974935243,1.0220283442019142
2.0,115,68.69565217391305,40.156415323527796,54.42603374872042,1.5693927566661525,1.207920317784641,1.0446043388385844,1.023769990220626
1.0,115,67.82608695652173,40.5644065543875,54.19524675545462,1.6271881680602582,1.1482241893716534,1.0462693126186768,1.02259526340488
