overlay_strength,windows,win_rate,exp_decay_percentile,score,mean_excess,median_excess,mean_ratio,median_ratio
baseline,115,69.56521739130434,40.994620378675585,55.27991888498997,1.683460818790377,1.091626626854051,1.0478470650935159,1.021481511539176
